,model,improvements,cost,solutions,utility,average_utility,modified_solutions,print_returns
0,improver,0,0.0,"import numpy as np

def algorithm(train_samples, train_parity, test_samples):
    n = train_samples.shape[1]
    aug_matrix = np.hstack((train_samples, train_parity.reshape(1, -1)))
    for i in range(n):
        pivot = np.where(aug_matrix[i:, i] == 1)[0]
        if len(pivot) > 0:
            pivot_row = pivot[0] + i
            if pivot_row != i:
                aug_matrix[[i, pivot_row]] = aug_matrix[[pivot_row, i]]
            for j in range(i + 1, len(aug_matrix)):
                if aug_matrix[j, i] == 1:
                    aug_matrix[j] = (aug_matrix[j] - aug_matrix[i]) % 2
    true_bits = np.zeros(n, dtype=int)
    for i in reversed(range(n)):
        true_bits[i] = aug_matrix[i, n]
        for j in range(i + 1, n):
            if aug_matrix[i, j] == 1:
                true_bits[i] ^= true_bits[j]
    test_parity = np.sum(true_bits + test_samples, axis=1) % 2
    return test_parity",0.0,0.0,,
1,improver,1,0.24072,"
import numpy as np

def algorithm_optimized(train_samples, train_parity, test_samples):
    n = train_samples.shape[1]
    aug_matrix = np.hstack((train_samples, train_parity.reshape(-1, 1)))
    for i in range(n):
        pivot_row = np.any(aug_matrix[i:, i], axis=0)
        if pivot_row:
            pivot_row += i
            if pivot_row != i:
                aug_matrix[[i, pivot_row]] = aug_matrix[[pivot_row, i]]
            mask = aug_matrix[i + 1:, i] == 1
            aug_matrix[i + 1:][mask] = (aug_matrix[i + 1:][mask] + aug_matrix[i]) % 2
    true_bits = np.zeros(n, dtype=int)
    for i in reversed(range(n)):
        true_bits[i] = aug_matrix[i, n]
        for j in range(i + 1, n):
            if aug_matrix[i, j] == 1:
                true_bits[i] ^= true_bits[j]
    test_parity = np.sum(true_bits ^ test_samples, axis=1) % 2
    return test_parity
",0.0,0.41,,
2,improver,2,0.49812,"
import numpy as np

def algorithm_optimized(train_samples, train_parity, test_samples):
    n = train_samples.shape[1]
    aug_matrix = np.hstack((train_samples, train_parity.reshape(-1, 1)))
    
    for i in range(n):
        pivot_row = np.any(aug_matrix[i:, i], axis=0)
        if pivot_row:
            pivot_row += i
            if pivot_row != i:
                aug_matrix[[i, pivot_row]] = aug_matrix[[pivot_row, i]]
            mask = aug_matrix[i + 1:, i] == 1
            aug_matrix[i + 1:][mask] ^= aug_matrix[i]
    
    true_bits = np.zeros(n, dtype=int)
    for i in reversed(range(n)):
        true_bits[i] = aug_matrix[i, n] ^ np.dot(aug_matrix[i, i + 1:n], true_bits[i + 1:n])

    test_parity = np.sum(true_bits ^ test_samples, axis=1) % 2
    return test_parity
",0.5,0.5199999999999999,,
3,improver,3,0.7102799999999999,def algorithm(*args): return 0,0.5833333333333333,0.5233333333333332,,
4,improver,4,0.9377699999999999,def algorithm(*args): return 0,0.5833333333333333,0.5233333333333332,,
5,improver,5,1.1350199999999997,def algorithm(*args): return 0,0.5833333333333333,0.5233333333333332,,
0,print_improver,0,0.0,"import numpy as np

def algorithm(train_samples, train_parity, test_samples):
    n = train_samples.shape[1]
    aug_matrix = np.hstack((train_samples, train_parity.reshape(1, -1)))
    for i in range(n):
        pivot = np.where(aug_matrix[i:, i] == 1)[0]
        if len(pivot) > 0:
            pivot_row = pivot[0] + i
            if pivot_row != i:
                aug_matrix[[i, pivot_row]] = aug_matrix[[pivot_row, i]]
            for j in range(i + 1, len(aug_matrix)):
                if aug_matrix[j, i] == 1:
                    aug_matrix[j] = (aug_matrix[j] - aug_matrix[i]) % 2
    true_bits = np.zeros(n, dtype=int)
    for i in reversed(range(n)):
        true_bits[i] = aug_matrix[i, n]
        for j in range(i + 1, n):
            if aug_matrix[i, j] == 1:
                true_bits[i] ^= true_bits[j]
    test_parity = np.sum(true_bits + test_samples, axis=1) % 2
    return test_parity",0.0,0.0,"import numpy as np

def algorithm(train_samples, train_parity, test_samples):
    n = train_samples.shape[1]
    aug_matrix = np.hstack((train_samples, train_parity.reshape(1, -1)))
    for i in range(n):
        pivot = np.where(aug_matrix[i:, i] == 1)[0]
        if len(pivot) > 0:
            pivot_row = pivot[0] + i
            if pivot_row != i:
                aug_matrix[[i, pivot_row]] = aug_matrix[[pivot_row, i]]
            for j in range(i + 1, len(aug_matrix)):
                if aug_matrix[j, i] == 1:
                    aug_matrix[j] = (aug_matrix[j] - aug_matrix[i]) % 2
    true_bits = np.zeros(n, dtype=int)
    for i in reversed(range(n)):
        true_bits[i] = aug_matrix[i, n]
        for j in range(i + 1, n):
            if aug_matrix[i, j] == 1:
                true_bits[i] ^= true_bits[j]
    test_parity = np.sum(true_bits + test_samples, axis=1) % 2
    return test_parity",None
1,print_improver,1,0.5126999999999999,"
def algorithm(train_samples, train_parity, test_samples):
    n = train_samples.shape[1]
    aug_matrix = np.hstack((train_samples, train_parity.reshape(-1, 1)))
    for i in range(n):
        pivot = np.where(aug_matrix[i:, i] == 1)[0]
        if len(pivot) > 0:
            pivot_row = pivot[0] + i
            if pivot_row != i:
                aug_matrix[[i, pivot_row]] = aug_matrix[[pivot_row, i]]
            row_indices = np.where(aug_matrix[i + 1:, i] == 1)[0] + i + 1
            aug_matrix[row_indices] = (aug_matrix[row_indices] - aug_matrix[i]) % 2
    true_bits = np.zeros(n, dtype=int)
    for i in reversed(range(n)):
        true_bits[i] = aug_matrix[i, -1]
        true_bits[i] ^= np.sum(aug_matrix[i, i + 1:n] * true_bits[i + 1:n])
    test_parity = np.sum(true_bits + test_samples, axis=1) % 2
    return test_parity
",0.4333333333333333,0.19333333333333333,"
import numpy as np

def algorithm(train_samples, train_parity, test_samples):
    n = train_samples.shape[1]
    print(f""n: {n}"")  # Print the shape of the train_samples
    aug_matrix = np.hstack((train_samples, train_parity.reshape(1, -1)))
    print(f""aug_matrix: {aug_matrix}"")  # Print the augmented matrix
    for i in range(n):
        pivot = np.where(aug_matrix[i:, i] == 1)[0]
        print(f""pivot: {pivot}"")  # Print the pivot
        if len(pivot) > 0:
            pivot_row = pivot[0] + i
            if pivot_row != i:
                aug_matrix[[i, pivot_row]] = aug_matrix[[pivot_row, i]]
            for j in range(i + 1, len(aug_matrix)):
                if aug_matrix[j, i] == 1:
                    aug_matrix[j] = (aug_matrix[j] - aug_matrix[i]) % 2
            print(f""aug_matrix after operations: {aug_matrix}"")  # Print the augmented matrix after operations
    true_bits = np.zeros(n, dtype=int)
    for i in reversed(range(n)):
        true_bits[i] = aug_matrix[i, n]
        for j in range(i + 1, n):
            if aug_matrix[i, j] == 1:
                true_bits[i] ^= true_bits[j]
    print(f""true_bits: {true_bits}"")  # Print the true_bits
    test_parity = np.sum(true_bits + test_samples, axis=1) % 2
    print(f""test_parity: {test_parity}"")  # Print the test_parity
    return test_parity
","n: 10
n: 10
n: 10"
2,print_improver,2,0.69009,None,0.44999999999999996,0.0,"
def algorithm(train_samples, train_parity, test_samples):
    n = train_samples.shape[1]
    aug_matrix = np.hstack((train_samples, train_parity.reshape(-1, 1)))
    print(f""Augmented matrix shape: {aug_matrix.shape}"")  # Checking the shape of the augmented matrix.

    for i in range(n):
        pivot = np.where(aug_matrix[i:, i] == 1)[0]
        print(f""Pivot elements at step {i}: {pivot}"")  # Checking the pivot elements.

        if len(pivot) > 0:
            pivot_row = pivot[0] + i
            if pivot_row != i:
                aug_matrix[[i, pivot_row]] = aug_matrix[[pivot_row, i]]
            row_indices = np.where(aug_matrix[i + 1:, i] == 1)[0] + i + 1
            print(f""Row indices at step {i}: {row_indices}"")  # Checking the row indices.

            aug_matrix[row_indices] = (aug_matrix[row_indices] - aug_matrix[i]) % 2

    true_bits = np.zeros(n, dtype=int)
    for i in reversed(range(n)):
        true_bits[i] = aug_matrix[i, -1]
        true_bits[i] ^= np.sum(aug_matrix[i, i + 1:n] * true_bits[i + 1:n])
    print(f""True bits: {true_bits}"")  # Tracking true bits.

    test_parity = np.sum(true_bits + test_samples, axis=1) % 2
    print(f""Test parity: {test_parity}"")  # Checking the final test parity.

    return test_parity
","Augmented matrix shape: (80, 11)
Pivot elements at step 0: [ 0  3  4  5 10 15 20 21 23 25 29 31 32 33 34 35 36 39 40 44 49 50 53 54
 55 59 60 62 63 64 65 68 69 71 74 77 79]
Row indices at step 0: [ 3  4  5 10 15 20 21 23 25 29 31 32 33 34 35 36 39 40 44 49 50 53 54 55
 59 60 62 63 64 65 68 69 71 74 77 79]
Pivot elements at step 1: [ 0  5  6 10 11 12 15 19 20 23 24 27 29 32 33 34 39 40 41 45 46 51 52 55
 57 61 63 64 70 71 72 77 78]
Row indices at step 1: [ 6  7 11 12 13 16 20 21 24 25 28 30 33 34 35 40 41 42 46 47 52 53 56 58
 62 64 65 71 72 73 78 79]
Pivot elements at step 2: [ 1  2  4  5  8 14 15 16 19 21 22 25 29 31 33 34 35 36 38 45 47 49 50 53
 55 58 62 65 68 69 72 73 74 75 76]
Row indices at step 2: [ 4  6  7 10 16 17 18 21 23 24 27 31 33 35 36 37 38 40 47 49 51 52 55 57
 60 64 67 70 71 74 75 76 77 78]
Pivot elements at step 3: [ 1  3  6  7  9 10 11 12 13 14 16 17 21 22 23 24 25 27 28 29 30 36 37 38
 39 44 45 47 48 50 51 52 55 57 59 62 63 64 65 70 71 73 74 75 76]
Row indices at step 3: [ 6  9 10 12 13 14 15 16 17 19 20 24 25 26 27 28 30 31 32 33 39 40 41 42
 47 48 50 51 53 54 55 58 60 62 65 66 67 68 73 74 76 77 78 79]
Pivot elements at step 4: [ 5  7 12 13 14 18 21 22 23 25 26 29 30 31 32 36 37 41 43 48 49 50 51 53
 54 55 61 62 63 67 68 71 72 74]
Row indices at step 4: [11 16 17 18 22 25 26 27 29 30 33 34 35 36 40 41 45 47 52 53 54 55 57 58
 59 65 66 67 71 72 75 76 78]
Pivot elements at step 5: [ 1  4  5  6  7 12 13 15 16 18 19 20 21 22 24 26 27 28 29 30 31 32 33 35
 37 38 39 40 43 44 46 47 48 50 51 53 54 56 57 60 61 67 70 74]
Row indices at step 5: [ 9 10 11 12 17 18 20 21 23 24 25 26 27 29 31 32 33 34 35 36 37 38 40 42
 43 44 45 48 49 51 52 53 55 56 58 59 61 62 65 66 72 75 79]
Pivot elements at step 6: [ 1  3  4  6  7  9 10 14 15 16 19 21 25 26 28 29 30 31 35 38 39 40 42 46
 47 49 50 52 53 55 57 58 59 60 61 62 63 65 66 68 69 71 72 73]
Row indices at step 6: [ 9 10 12 13 15 16 20 21 22 25 27 31 32 34 35 36 37 41 44 45 46 48 52 53
 55 56 58 59 61 63 64 65 66 67 68 69 71 72 74 75 77 78 79]
Pivot elements at step 7: [ 1  3  5  6  7  8  9 10 17 19 20 21 23 24 25 27 31 35 37 38 39 41 43 45
 46 48 49 53 54 55 57 58 60 61 63 64 65 70 72]
Row indices at step 7: [10 12 13 14 15 16 17 24 26 27 28 30 31 32 34 38 42 44 45 46 48 50 52 53
 55 56 60 61 62 64 65 67 68 70 71 72 77 79]
Pivot elements at step 8: [ 1  2  4  5  6  8 11 12 15 18 22 24 26 27 29 31 32 33 34 35 38 39 43 44
 45 47 49 53 56 58 60 63 66 68 69 71]
Row indices at step 8: [10 12 13 14 16 19 20 23 26 30 32 34 35 37 39 40 41 42 43 46 47 51 52 53
 55 57 61 64 66 68 71 74 76 77 79]
Pivot elements at step 9: [ 0  1  3  4  6  7  8 12 13 14 17 19 20 21 22 23 29 30 33 34 35 36 40 41
 42 43 44 45 47 48 50 51 58 61 63 64 65 66]
Row indices at step 9: [10 12 13 15 16 17 21 22 23 26 28 29 30 31 32 38 39 42 43 44 45 49 50 51
 52 53 54 56 57 59 60 67 70 72 73 74 75]
True bits: [2 2 2 0 0 1 1 0 0 0]
Test parity: [0 0 0 1 1 1 1 1 0 1 1 1 1 0 0 1 1 1 1 0]
Augmented matrix shape: (80, 11)
Pivot elements at step 0: [ 7  9 11 13 17 23 27 34 36 38 39 40 42 44 46 47 49 53 54 55 56 57 58 59
 65 66 67 68 70 74 76 78 79]
Row indices at step 0: [ 9 11 13 17 23 27 34 36 38 39 40 42 44 46 47 49 53 54 55 56 57 58 59 65
 66 67 68 70 74 76 78 79]
Pivot elements at step 1: [ 1  2  3  5  8 10 11 12 15 17 19 21 25 26 28 32 33 34 35 36 38 39 40 41
 44 48 49 50 51 53 55 58 63 64 65 67 69 71 72 75 77]
Row indices at step 1: [ 3  4  6  9 11 12 13 16 18 20 22 26 27 29 33 34 35 36 37 39 40 41 42 45
 49 50 51 52 54 56 59 64 65 66 68 70 72 73 76 78]
Pivot elements at step 2: [ 2  4  5  9 10 11 13 15 17 18 19 20 22 23 27 28 29 30 33 36 37 39 40 41
 42 43 44 45 46 47 49 52 53 56 57 58 59 60 63 66 68 71 72 74]
Row indices at step 2: [ 6  7 11 12 13 15 17 19 20 21 22 24 25 29 30 31 32 35 38 39 41 42 43 44
 45 46 47 48 49 51 54 55 58 59 60 61 62 65 68 70 73 74 76]
Pivot elements at step 3: [ 0  1  2  3  4  5  7  8  9 11 14 15 16 17 18 20 21 23 29 32 33 37 39 41
 42 44 47 53 55 60 61 64 65 66 67 68 69 70 72 76]
Row indices at step 3: [ 4  5  6  7  8 10 11 12 14 17 18 19 20 21 23 24 26 32 35 36 40 42 44 45
 47 50 56 58 63 64 67 68 69 70 71 72 73 75 79]
Pivot elements at step 4: [ 1  3  4  9 12 14 18 19 20 21 24 26 28 30 31 32 38 39 40 41 42 43 44 46
 50 52 54 55 56 57 62 63 65 67 69 70 71 72 73 75]
Row indices at step 4: [ 7  8 13 16 18 22 23 24 25 28 30 32 34 35 36 42 43 44 45 46 47 48 50 54
 56 58 59 60 61 66 67 69 71 73 74 75 76 77 79]
Pivot elements at step 5: [ 2  3  5  7 15 17 22 23 26 27 28 31 33 34 35 36 41 42 43 44 45 46 47 48
 50 51 54 55 56 58 67 69 70 73 74]
Row indices at step 5: [ 8 10 12 20 22 27 28 31 32 33 36 38 39 40 41 46 47 48 49 50 51 52 53 55
 56 59 60 61 63 72 74 75 78 79]
Pivot elements at step 6: [ 2  3  6  7  9 10 13 16 17 18 22 23 27 32 34 35 36 37 41 47 48 49 51 52
 53 56 57 59 65 66 67 68 72 73]
Row indices at step 6: [ 9 12 13 15 16 19 22 23 24 28 29 33 38 40 41 42 43 47 53 54 55 57 58 59
 62 63 65 71 72 73 74 78 79]
Pivot elements at step 7: [ 0  1  2  3  5  6  7  8 10 12 15 16 17 18 21 23 24 27 29 31 32 34 36 38
 40 42 45 47 48 50 53 55 56 57 59 61 62 64 70 71 72]
Row indices at step 7: [ 8  9 10 12 13 14 15 17 19 22 23 24 25 28 30 31 34 36 38 39 41 43 45 47
 49 52 54 55 57 60 62 63 64 66 68 69 71 77 78 79]
Pivot elements at step 8: [ 0  1  2  6  7  8  9 12 14 15 17 18 20 28 29 31 32 35 37 41 42 43 45 46
 47 48 49 50 55 57 64 66 67 68 70]
Row indices at step 8: [ 9 10 14 15 16 17 20 22 23 25 26 28 36 37 39 40 43 45 49 50 51 53 54 55
 56 57 58 63 65 72 74 75 76 78]
Pivot elements at step 9: [ 0  1  3  4  5  9 10 11 12 13 14 18 21 23 28 30 32 34 37 40 43 44 49 50
 51 52 53 55 56 57 59 60 62 64 65 69 70]
Row indices at step 9: [10 12 13 14 18 19 20 21 22 23 27 30 32 37 39 41 43 46 49 52 53 58 59 60
 61 62 64 65 66 68 69 71 73 74 78 79]
True bits: [1 3 1 0 1 1 0 0 0 0]
Test parity: [1 1 1 1 0 1 1 1 0 1 0 0 1 1 0 0 1 1 1 1]
Augmented matrix shape: (80, 11)
Pivot elements at step 0: [ 1  2  4  6  7  8  9 10 11 13 17 19 21 22 23 24 25 29 32 33 34 36 37 38
 40 41 42 45 47 48 53 54 55 56 57 62 66 67 70 71 72 74 75 77]
Row indices at step 0: [ 2  4  6  7  8  9 10 11 13 17 19 21 22 23 24 25 29 32 33 34 36 37 38 40
 41 42 45 47 48 53 54 55 56 57 62 66 67 70 71 72 74 75 77]
Pivot elements at step 1: [ 1  4  5  6  7  9 11 12 17 21 25 27 28 31 32 34 35 36 37 38 39 40 41 42
 43 47 53 54 56 58 59 60 68 69 74 77]
Row indices at step 1: [ 5  6  7  8 10 12 13 18 22 26 28 29 32 33 35 36 37 38 39 40 41 42 43 44
 48 54 55 57 59 60 61 69 70 75 78]
Pivot elements at step 2: [ 1  2  3  7  8  9 12 14 15 16 18 20 23 24 25 26 28 34 35 36 37 39 40 41
 42 43 44 45 46 48 49 50 51 52 53 54 56 57 58 59 60 62 63 64 65 66 68 69
 71 72 73 74 75 76]
Row indices at step 2: [ 4  5  9 10 11 14 16 17 18 20 22 25 26 27 28 30 36 37 38 39 41 42 43 44
 45 46 47 48 50 51 52 53 54 55 56 58 59 60 61 62 64 65 66 67 68 70 71 73
 74 75 76 77 78]
Pivot elements at step 3: [ 0  2  7  8  9 11 13 14 16 20 21 23 28 32 34 39 42 43 44 45 46 49 52 53
 54 58 59 64 65 66 68 69 70 73 74 75]
Row indices at step 3: [ 5 10 11 12 14 16 17 19 23 24 26 31 35 37 42 45 46 47 48 49 52 55 56 57
 61 62 67 68 69 71 72 73 76 77 78]
Pivot elements at step 4: [ 1  4  5  7  9 10 12 13 14 18 21 22 23 24 25 27 28 30 31 32 37 38 40 41
 42 47 48 49 50 53 54 56 57 58 59 63 66 68 69 70 72 74]
Row indices at step 4: [ 8  9 11 13 14 16 17 18 22 25 26 27 28 29 31 32 34 35 36 41 42 44 45 46
 51 52 53 54 57 58 60 61 62 63 67 70 72 73 74 76 78]
Pivot elements at step 5: [ 0  1  4  5  7 10 12 13 14 15 18 19 20 23 24 25 27 28 33 37 40 41 44 45
 50 51 53 54 57 59 60 62 65 67 68 69 73 74]
Row indices at step 5: [ 6  9 10 12 15 17 18 19 20 23 24 25 28 29 30 32 33 38 42 45 46 49 50 55
 56 58 59 62 64 65 67 70 72 73 74 78 79]
Pivot elements at step 6: [ 0  2  4  5  6  7  8  9 10 11 15 16 17 20 21 22 24 25 26 35 36 39 41 42
 43 44 45 46 49 51 54 55 62 63 64 66 68 72]
Row indices at step 6: [ 8 10 11 12 13 14 15 16 17 21 22 23 26 27 28 30 31 32 41 42 45 47 48 49
 50 51 52 55 57 60 61 68 69 70 72 74 78]
Pivot elements at step 7: [ 1  2  3  4  5  6  7  8  9 11 18 19 21 29 30 34 35 37 38 40 41 43 45 46
 48 49 50 54 55 56 58 59 62 63 67 69 71 72]
Row indices at step 7: [ 9 10 11 12 13 14 15 16 18 25 26 28 36 37 41 42 44 45 47 48 50 52 53 55
 56 57 61 62 63 65 66 69 70 74 76 78 79]
Pivot elements at step 8: [ 2  3  4  6  7 12 13 15 16 17 18 19 21 25 26 30 34 36 37 38 39 40 42 43
 44 47 51 52 53 54 55 58 67 69 71]
Row indices at step 8: [11 12 14 15 20 21 23 24 25 26 27 29 33 34 38 42 44 45 46 47 48 50 51 52
 55 59 60 61 62 63 66 75 77 79]
Pivot elements at step 9: [ 1  2  3  4  6  8 12 13 16 18 20 22 23 24 27 28 29 30 32 33 36 38 42 47
 51 54 55 56 59 62 65 66 67 70]
Row indices at step 9: [11 12 13 15 17 21 22 25 27 29 31 32 33 36 37 38 39 41 42 45 47 51 56 60
 63 64 65 68 71 74 75 76 79]
True bits: [0 0 0 1 1 0 0 0 0 0]
Test parity: [0 0 0 1 1 1 1 1 1 1 0 1 0 0 1 0 1 0 0 1]"
3,print_improver,3,0.9115199999999999,None,0.44999999999999996,0.0,"
def algorithm(train_samples, train_parity, test_samples):
    n = train_samples.shape[1]
    aug_matrix = np.hstack((train_samples, train_parity.reshape(-1, 1)))
    print(f""Augmented matrix shape: {aug_matrix.shape}"")  # Checking the shape of the augmented matrix.

    for i in range(n):
        pivot = np.where(aug_matrix[i:, i] == 1)[0]
        print(f""Pivot elements at step {i}: {pivot}"")  # Checking the pivot elements.

        if len(pivot) > 0:
            pivot_row = pivot[0] + i
            if pivot_row != i:
                aug_matrix[[i, pivot_row]] = aug_matrix[[pivot_row, i]]
            row_indices = np.where(aug_matrix[i + 1:, i] == 1)[0] + i + 1
            print(f""Row indices at step {i}: {row_indices}"")  # Checking the row indices.

            aug_matrix[row_indices] = (aug_matrix[row_indices] - aug_matrix[i]) % 2

    true_bits = np.zeros(n, dtype=int)
    for i in reversed(range(n)):
        true_bits[i] = aug_matrix[i, -1]
        true_bits[i] ^= np.sum(aug_matrix[i, i + 1:n] * true_bits[i + 1:n])
    print(f""True bits: {true_bits}"")  # Tracking true bits.

    test_parity = np.sum(true_bits + test_samples, axis=1) % 2
    print(f""Test parity: {test_parity}"")  # Checking the final test parity.

    return test_parity
","Augmented matrix shape: (80, 11)
Pivot elements at step 0: [ 0  3  4  5 10 15 20 21 23 25 29 31 32 33 34 35 36 39 40 44 49 50 53 54
 55 59 60 62 63 64 65 68 69 71 74 77 79]
Row indices at step 0: [ 3  4  5 10 15 20 21 23 25 29 31 32 33 34 35 36 39 40 44 49 50 53 54 55
 59 60 62 63 64 65 68 69 71 74 77 79]
Pivot elements at step 1: [ 0  5  6 10 11 12 15 19 20 23 24 27 29 32 33 34 39 40 41 45 46 51 52 55
 57 61 63 64 70 71 72 77 78]
Row indices at step 1: [ 6  7 11 12 13 16 20 21 24 25 28 30 33 34 35 40 41 42 46 47 52 53 56 58
 62 64 65 71 72 73 78 79]
Pivot elements at step 2: [ 1  2  4  5  8 14 15 16 19 21 22 25 29 31 33 34 35 36 38 45 47 49 50 53
 55 58 62 65 68 69 72 73 74 75 76]
Row indices at step 2: [ 4  6  7 10 16 17 18 21 23 24 27 31 33 35 36 37 38 40 47 49 51 52 55 57
 60 64 67 70 71 74 75 76 77 78]
Pivot elements at step 3: [ 1  3  6  7  9 10 11 12 13 14 16 17 21 22 23 24 25 27 28 29 30 36 37 38
 39 44 45 47 48 50 51 52 55 57 59 62 63 64 65 70 71 73 74 75 76]
Row indices at step 3: [ 6  9 10 12 13 14 15 16 17 19 20 24 25 26 27 28 30 31 32 33 39 40 41 42
 47 48 50 51 53 54 55 58 60 62 65 66 67 68 73 74 76 77 78 79]
Pivot elements at step 4: [ 5  7 12 13 14 18 21 22 23 25 26 29 30 31 32 36 37 41 43 48 49 50 51 53
 54 55 61 62 63 67 68 71 72 74]
Row indices at step 4: [11 16 17 18 22 25 26 27 29 30 33 34 35 36 40 41 45 47 52 53 54 55 57 58
 59 65 66 67 71 72 75 76 78]
Pivot elements at step 5: [ 1  4  5  6  7 12 13 15 16 18 19 20 21 22 24 26 27 28 29 30 31 32 33 35
 37 38 39 40 43 44 46 47 48 50 51 53 54 56 57 60 61 67 70 74]
Row indices at step 5: [ 9 10 11 12 17 18 20 21 23 24 25 26 27 29 31 32 33 34 35 36 37 38 40 42
 43 44 45 48 49 51 52 53 55 56 58 59 61 62 65 66 72 75 79]
Pivot elements at step 6: [ 1  3  4  6  7  9 10 14 15 16 19 21 25 26 28 29 30 31 35 38 39 40 42 46
 47 49 50 52 53 55 57 58 59 60 61 62 63 65 66 68 69 71 72 73]
Row indices at step 6: [ 9 10 12 13 15 16 20 21 22 25 27 31 32 34 35 36 37 41 44 45 46 48 52 53
 55 56 58 59 61 63 64 65 66 67 68 69 71 72 74 75 77 78 79]
Pivot elements at step 7: [ 1  3  5  6  7  8  9 10 17 19 20 21 23 24 25 27 31 35 37 38 39 41 43 45
 46 48 49 53 54 55 57 58 60 61 63 64 65 70 72]
Row indices at step 7: [10 12 13 14 15 16 17 24 26 27 28 30 31 32 34 38 42 44 45 46 48 50 52 53
 55 56 60 61 62 64 65 67 68 70 71 72 77 79]
Pivot elements at step 8: [ 1  2  4  5  6  8 11 12 15 18 22 24 26 27 29 31 32 33 34 35 38 39 43 44
 45 47 49 53 56 58 60 63 66 68 69 71]
Row indices at step 8: [10 12 13 14 16 19 20 23 26 30 32 34 35 37 39 40 41 42 43 46 47 51 52 53
 55 57 61 64 66 68 71 74 76 77 79]
Pivot elements at step 9: [ 0  1  3  4  6  7  8 12 13 14 17 19 20 21 22 23 29 30 33 34 35 36 40 41
 42 43 44 45 47 48 50 51 58 61 63 64 65 66]
Row indices at step 9: [10 12 13 15 16 17 21 22 23 26 28 29 30 31 32 38 39 42 43 44 45 49 50 51
 52 53 54 56 57 59 60 67 70 72 73 74 75]
True bits: [2 2 2 0 0 1 1 0 0 0]
Test parity: [0 0 0 1 1 1 1 1 0 1 1 1 1 0 0 1 1 1 1 0]
Augmented matrix shape: (80, 11)
Pivot elements at step 0: [ 7  9 11 13 17 23 27 34 36 38 39 40 42 44 46 47 49 53 54 55 56 57 58 59
 65 66 67 68 70 74 76 78 79]
Row indices at step 0: [ 9 11 13 17 23 27 34 36 38 39 40 42 44 46 47 49 53 54 55 56 57 58 59 65
 66 67 68 70 74 76 78 79]
Pivot elements at step 1: [ 1  2  3  5  8 10 11 12 15 17 19 21 25 26 28 32 33 34 35 36 38 39 40 41
 44 48 49 50 51 53 55 58 63 64 65 67 69 71 72 75 77]
Row indices at step 1: [ 3  4  6  9 11 12 13 16 18 20 22 26 27 29 33 34 35 36 37 39 40 41 42 45
 49 50 51 52 54 56 59 64 65 66 68 70 72 73 76 78]
Pivot elements at step 2: [ 2  4  5  9 10 11 13 15 17 18 19 20 22 23 27 28 29 30 33 36 37 39 40 41
 42 43 44 45 46 47 49 52 53 56 57 58 59 60 63 66 68 71 72 74]
Row indices at step 2: [ 6  7 11 12 13 15 17 19 20 21 22 24 25 29 30 31 32 35 38 39 41 42 43 44
 45 46 47 48 49 51 54 55 58 59 60 61 62 65 68 70 73 74 76]
Pivot elements at step 3: [ 0  1  2  3  4  5  7  8  9 11 14 15 16 17 18 20 21 23 29 32 33 37 39 41
 42 44 47 53 55 60 61 64 65 66 67 68 69 70 72 76]
Row indices at step 3: [ 4  5  6  7  8 10 11 12 14 17 18 19 20 21 23 24 26 32 35 36 40 42 44 45
 47 50 56 58 63 64 67 68 69 70 71 72 73 75 79]
Pivot elements at step 4: [ 1  3  4  9 12 14 18 19 20 21 24 26 28 30 31 32 38 39 40 41 42 43 44 46
 50 52 54 55 56 57 62 63 65 67 69 70 71 72 73 75]
Row indices at step 4: [ 7  8 13 16 18 22 23 24 25 28 30 32 34 35 36 42 43 44 45 46 47 48 50 54
 56 58 59 60 61 66 67 69 71 73 74 75 76 77 79]
Pivot elements at step 5: [ 2  3  5  7 15 17 22 23 26 27 28 31 33 34 35 36 41 42 43 44 45 46 47 48
 50 51 54 55 56 58 67 69 70 73 74]
Row indices at step 5: [ 8 10 12 20 22 27 28 31 32 33 36 38 39 40 41 46 47 48 49 50 51 52 53 55
 56 59 60 61 63 72 74 75 78 79]
Pivot elements at step 6: [ 2  3  6  7  9 10 13 16 17 18 22 23 27 32 34 35 36 37 41 47 48 49 51 52
 53 56 57 59 65 66 67 68 72 73]
Row indices at step 6: [ 9 12 13 15 16 19 22 23 24 28 29 33 38 40 41 42 43 47 53 54 55 57 58 59
 62 63 65 71 72 73 74 78 79]
Pivot elements at step 7: [ 0  1  2  3  5  6  7  8 10 12 15 16 17 18 21 23 24 27 29 31 32 34 36 38
 40 42 45 47 48 50 53 55 56 57 59 61 62 64 70 71 72]
Row indices at step 7: [ 8  9 10 12 13 14 15 17 19 22 23 24 25 28 30 31 34 36 38 39 41 43 45 47
 49 52 54 55 57 60 62 63 64 66 68 69 71 77 78 79]
Pivot elements at step 8: [ 0  1  2  6  7  8  9 12 14 15 17 18 20 28 29 31 32 35 37 41 42 43 45 46
 47 48 49 50 55 57 64 66 67 68 70]
Row indices at step 8: [ 9 10 14 15 16 17 20 22 23 25 26 28 36 37 39 40 43 45 49 50 51 53 54 55
 56 57 58 63 65 72 74 75 76 78]
Pivot elements at step 9: [ 0  1  3  4  5  9 10 11 12 13 14 18 21 23 28 30 32 34 37 40 43 44 49 50
 51 52 53 55 56 57 59 60 62 64 65 69 70]
Row indices at step 9: [10 12 13 14 18 19 20 21 22 23 27 30 32 37 39 41 43 46 49 52 53 58 59 60
 61 62 64 65 66 68 69 71 73 74 78 79]
True bits: [1 3 1 0 1 1 0 0 0 0]
Test parity: [1 1 1 1 0 1 1 1 0 1 0 0 1 1 0 0 1 1 1 1]
Augmented matrix shape: (80, 11)
Pivot elements at step 0: [ 1  2  4  6  7  8  9 10 11 13 17 19 21 22 23 24 25 29 32 33 34 36 37 38
 40 41 42 45 47 48 53 54 55 56 57 62 66 67 70 71 72 74 75 77]
Row indices at step 0: [ 2  4  6  7  8  9 10 11 13 17 19 21 22 23 24 25 29 32 33 34 36 37 38 40
 41 42 45 47 48 53 54 55 56 57 62 66 67 70 71 72 74 75 77]
Pivot elements at step 1: [ 1  4  5  6  7  9 11 12 17 21 25 27 28 31 32 34 35 36 37 38 39 40 41 42
 43 47 53 54 56 58 59 60 68 69 74 77]
Row indices at step 1: [ 5  6  7  8 10 12 13 18 22 26 28 29 32 33 35 36 37 38 39 40 41 42 43 44
 48 54 55 57 59 60 61 69 70 75 78]
Pivot elements at step 2: [ 1  2  3  7  8  9 12 14 15 16 18 20 23 24 25 26 28 34 35 36 37 39 40 41
 42 43 44 45 46 48 49 50 51 52 53 54 56 57 58 59 60 62 63 64 65 66 68 69
 71 72 73 74 75 76]
Row indices at step 2: [ 4  5  9 10 11 14 16 17 18 20 22 25 26 27 28 30 36 37 38 39 41 42 43 44
 45 46 47 48 50 51 52 53 54 55 56 58 59 60 61 62 64 65 66 67 68 70 71 73
 74 75 76 77 78]
Pivot elements at step 3: [ 0  2  7  8  9 11 13 14 16 20 21 23 28 32 34 39 42 43 44 45 46 49 52 53
 54 58 59 64 65 66 68 69 70 73 74 75]
Row indices at step 3: [ 5 10 11 12 14 16 17 19 23 24 26 31 35 37 42 45 46 47 48 49 52 55 56 57
 61 62 67 68 69 71 72 73 76 77 78]
Pivot elements at step 4: [ 1  4  5  7  9 10 12 13 14 18 21 22 23 24 25 27 28 30 31 32 37 38 40 41
 42 47 48 49 50 53 54 56 57 58 59 63 66 68 69 70 72 74]
Row indices at step 4: [ 8  9 11 13 14 16 17 18 22 25 26 27 28 29 31 32 34 35 36 41 42 44 45 46
 51 52 53 54 57 58 60 61 62 63 67 70 72 73 74 76 78]
Pivot elements at step 5: [ 0  1  4  5  7 10 12 13 14 15 18 19 20 23 24 25 27 28 33 37 40 41 44 45
 50 51 53 54 57 59 60 62 65 67 68 69 73 74]
Row indices at step 5: [ 6  9 10 12 15 17 18 19 20 23 24 25 28 29 30 32 33 38 42 45 46 49 50 55
 56 58 59 62 64 65 67 70 72 73 74 78 79]
Pivot elements at step 6: [ 0  2  4  5  6  7  8  9 10 11 15 16 17 20 21 22 24 25 26 35 36 39 41 42
 43 44 45 46 49 51 54 55 62 63 64 66 68 72]
Row indices at step 6: [ 8 10 11 12 13 14 15 16 17 21 22 23 26 27 28 30 31 32 41 42 45 47 48 49
 50 51 52 55 57 60 61 68 69 70 72 74 78]
Pivot elements at step 7: [ 1  2  3  4  5  6  7  8  9 11 18 19 21 29 30 34 35 37 38 40 41 43 45 46
 48 49 50 54 55 56 58 59 62 63 67 69 71 72]
Row indices at step 7: [ 9 10 11 12 13 14 15 16 18 25 26 28 36 37 41 42 44 45 47 48 50 52 53 55
 56 57 61 62 63 65 66 69 70 74 76 78 79]
Pivot elements at step 8: [ 2  3  4  6  7 12 13 15 16 17 18 19 21 25 26 30 34 36 37 38 39 40 42 43
 44 47 51 52 53 54 55 58 67 69 71]
Row indices at step 8: [11 12 14 15 20 21 23 24 25 26 27 29 33 34 38 42 44 45 46 47 48 50 51 52
 55 59 60 61 62 63 66 75 77 79]
Pivot elements at step 9: [ 1  2  3  4  6  8 12 13 16 18 20 22 23 24 27 28 29 30 32 33 36 38 42 47
 51 54 55 56 59 62 65 66 67 70]
Row indices at step 9: [11 12 13 15 17 21 22 25 27 29 31 32 33 36 37 38 39 41 42 45 47 51 56 60
 63 64 65 68 71 74 75 76 79]
True bits: [0 0 0 1 1 0 0 0 0 0]
Test parity: [0 0 0 1 1 1 1 1 1 1 0 1 0 0 1 0 1 0 0 1]"
4,print_improver,4,1.12983,"
def algorithm(train_samples, train_parity, test_samples):
    """"""
    Implements a simple linear classification algorithm. 
    For each test sample, it calculates the dot product of the test sample and each of the training samples.
    It then assigns the parity of the closest training sample to the test sample.
    """"""
    predictions = []
    for test_sample in test_samples:
        dot_products = np.dot(train_samples, test_sample)
        closest_sample_index = np.argmax(dot_products)
        predictions.append(train_parity[closest_sample_index])
    return np.array(predictions)
",0.6166666666666667,0.5266666666666667,def algorithm(*args): return 0,
5,print_improver,5,1.2626699999999997,"
def algorithm(train_samples, train_parity, test_samples):
    """"""
    Implements a simple linear classification algorithm. 
    For each test sample, it calculates the dot product of the test sample and each of the training samples.
    It then assigns the parity of the closest training sample to the test sample.
    """"""
    predictions = []
    for test_sample in test_samples:
        dot_products = np.dot(train_samples, test_sample)
        closest_sample_index = np.argmax(dot_products)
        predictions.append(train_parity[closest_sample_index])
    return np.array(predictions)
",0.6166666666666667,0.5266666666666667,def algorithm(*args): return 0,
